{"columns":["v0","w0","v1","w1","payload","unit weight","m","Pmax","Pstable","M","r","P_ul","wheel_v1","wheel_v2","wheel_v3","wheel_v4","P_ut","P_useful","w2","v2","w3","v3","w4","v4"],"index":[0,1,2,3,4,5,6,7,8,9,10,11,12,13,14,15,16,17,18,19,20,21,22,23,24,25,26,27,28,29,30,31,32,33,34,35,36,37,38,39,40,41,42,43,44,45,46,47,48,49,50,51,52,53,54,55,56,57,58,59,60,61,62,63,64,65,66,67,68,69,70,71,72,73,74,75,76,77],"data":[[0.0,0.0,0.0,0.0,0,5.8,50,41.69,41.69,50.0,null,0.0,0.0,0.0,0.0,0.0,0.0,0.0,0.0,0.0,0.0,0.0,0.0,0.0],[0.0,0.0,0.1,0.0,0,5.8,50,80.5,50.11,50.0,null,49.0,0.1,0.1,0.1,0.1,0.0,49.0,0.0,0.01,0.0,0.001,0.0,0.0001],[0.0,0.0,0.2,0.0,0,5.8,50,126.78,58.27,50.0,null,98.0,0.2,0.2,0.2,0.2,0.0,98.0,0.0,0.04,0.0,0.008,0.0,0.0016],[0.0,0.0,0.3,0.0,0,5.8,50,167.04,65.32,50.0,null,147.0,0.3,0.3,0.3,0.3,0.0,147.0,0.0,0.09,0.0,0.027,0.0,0.0081],[0.0,0.0,0.4,0.0,0,5.8,50,176.41,72.78,50.0,null,196.0,0.4,0.4,0.4,0.4,0.0,196.0,0.0,0.16,0.0,0.064,0.0,0.0256],[0.0,0.0,0.5,0.0,0,5.8,50,278.54,79.9,50.0,null,245.0,0.5,0.5,0.5,0.5,0.0,245.0,0.0,0.25,0.0,0.125,0.0,0.0625],[0.1,0.4,0.5,0.0,1,5.8,50,null,118.5910151,55.8,null,273.42,0.5,0.5,0.5,0.5,0.0,273.42,0.0,0.25,0.0,0.125,0.0,0.0625],[0.0,0.0,0.2,0.0,1,5.8,50,null,81.50731707,55.8,null,109.368,0.2,0.2,0.2,0.2,0.0,109.368,0.0,0.04,0.0,0.008,0.0,0.0016],[0.0,0.5,0.4,0.0,1,5.8,50,null,97.55969191,55.8,null,218.736,0.4,0.4,0.4,0.4,0.0,218.736,0.0,0.16,0.0,0.064,0.0,0.0256],[0.0,0.3,0.3,0.0,1,5.8,50,null,89.32691242,55.8,null,164.052,0.3,0.3,0.3,0.3,0.0,164.052,0.0,0.09,0.0,0.027,0.0,0.0081],[0.2,0.3,0.5,0.0,2,5.8,50,null,132.3592077,61.6,null,301.84,0.5,0.5,0.5,0.5,0.0,301.84,0.0,0.25,0.0,0.125,0.0,0.0625],[0.1,0.4,0.5,0.0,2,5.8,50,null,132.3592077,61.6,null,301.84,0.5,0.5,0.5,0.5,0.0,301.84,0.0,0.25,0.0,0.125,0.0,0.0625],[0.0,0.5,0.4,0.0,2,5.8,50,null,100.1675225,61.6,null,241.472,0.4,0.4,0.4,0.4,0.0,241.472,0.0,0.16,0.0,0.064,0.0,0.0256],[0.0,0.3,0.3,0.0,2,5.8,50,null,91.01135408,61.6,null,181.104,0.3,0.3,0.3,0.3,0.0,181.104,0.0,0.09,0.0,0.027,0.0,0.0081],[0.0,0.0,0.0,0.1,0,5.8,50,94.07,88.75,50.0,0.0,0.0,0.0380271285,0.0380271285,0.0380271285,0.0380271285,18.6332929524,18.6332929524,0.01,0.0,0.001,0.0,0.0001,0.0],[0.0,0.0,0.1,0.1,0,5.8,50,94.37,80.32,50.0,1.0,0.0,0.0767858223,0.0767858223,0.1303689476,0.1303689476,50.752918617,50.752918617,0.01,0.01,0.001,0.001,0.0001,0.0001],[0.0,0.0,0.5,0.1,0,5.8,50,265.12,111.33,50.0,5.0,0.0,0.4729651811,0.4729651811,0.5283900666,0.5283900666,245.3320356822,245.3320356822,0.01,0.25,0.001,0.125,0.0001,0.0625],[0.0,0.0,0.3,0.1,0,5.8,50,166.02,93.48,50.0,3.0,0.0,0.2734886881,0.2734886881,0.3287796565,0.3287796565,147.5557444081,147.5557444081,0.01,0.09,0.001,0.027,0.0001,0.0081],[0.0,0.0,0.5,0.1,0,5.8,50,265.12,111.33,50.0,5.0,0.0,0.4729651811,0.4729651811,0.5283900666,0.5283900666,245.3320356822,245.3320356822,0.01,0.25,0.001,0.125,0.0001,0.0625],[0.5,0.5,0.3,0.1,0,5.8,50,62.78,113.7,50.0,3.0,0.0,0.2734886881,0.2734886881,0.3287796565,0.3287796565,147.5557444081,147.5557444081,0.01,0.09,0.001,0.027,0.0001,0.0081],[0.0,0.0,0.3,0.1,1,5.8,50,172.26,107.2,55.8,3.0,0.0,0.2734886881,0.2734886881,0.3287796565,0.3287796565,164.6722107595,164.6722107595,0.01,0.09,0.001,0.027,0.0001,0.0081],[0.0,0.0,0.1,0.1,1,5.8,50,99.15,85.3,55.8,1.0,0.0,0.0767858223,0.0767858223,0.1303689476,0.1303689476,56.6402571766,56.6402571766,0.01,0.01,0.001,0.001,0.0001,0.0001],[0.0,0.0,0.5,0.1,1,5.8,50,276.07,120.23,55.8,5.0,0.0,0.4729651811,0.4729651811,0.5283900666,0.5283900666,273.7905518214,273.7905518214,0.01,0.25,0.001,0.125,0.0001,0.0625],[0.0,0.0,0.1,0.1,1,5.8,50,null,110.2372935,55.8,1.0,0.0,0.0767858223,0.0767858223,0.1303689476,0.1303689476,56.6402571766,56.6402571766,0.01,0.01,0.001,0.001,0.0001,0.0001],[0.0,0.0,0.5,0.1,2,5.8,50,334.74,140.11,61.6,5.0,0.0,0.4729651811,0.4729651811,0.5283900666,0.5283900666,302.2490679605,302.2490679605,0.01,0.25,0.001,0.125,0.0001,0.0625],[0.0,0.0,0.1,0.1,2,5.8,50,98.28,90.34,61.6,1.0,0.0,0.0767858223,0.0767858223,0.1303689476,0.1303689476,62.5275957362,62.5275957362,0.01,0.01,0.001,0.001,0.0001,0.0001],[0.0,0.0,0.3,0.1,2,5.8,50,164.44,112.21,61.6,3.0,0.0,0.2734886881,0.2734886881,0.3287796565,0.3287796565,181.7886771108,181.7886771108,0.01,0.09,0.001,0.027,0.0001,0.0081],[0.0,0.0,0.1,0.1,2,5.8,50,null,115.366,61.6,1.0,0.0,0.0767858223,0.0767858223,0.1303689476,0.1303689476,62.5275957362,62.5275957362,0.01,0.01,0.001,0.001,0.0001,0.0001],[0.0,0.0,0.0,0.2,0,5.8,50,102.09,98.05,50.0,0.0,0.0,0.0760542569,0.0760542569,0.0760542569,0.0760542569,37.2665859048,37.2665859048,0.04,0.0,0.008,0.0,0.0016,0.0],[0.5,0.5,0.2,0.2,1,5.8,50,null,129.5624047,55.8,1.0,0.0,0.1535716445,0.1535716445,0.2607378952,0.2607378952,113.2805143532,113.2805143532,0.04,0.04,0.008,0.008,0.0016,0.0016],[0.5,0.5,0.2,0.2,2,5.8,50,null,138.0,61.6,1.0,0.0,0.1535716445,0.1535716445,0.2607378952,0.2607378952,125.0551914724,125.0551914724,0.04,0.04,0.008,0.008,0.0016,0.0016],[0.0,0.0,0.0,0.3,0,5.8,50,122.12,114.62,50.0,0.0,0.0,0.1140813854,0.1140813854,0.1140813854,0.1140813854,55.8998788572,55.8998788572,0.09,0.0,0.027,0.0,0.0081,0.0],[0.0,0.0,0.5,0.3,0,5.8,50,274.4,138.47,50.0,1.6666666667,0.0,0.4239865122,0.4239865122,0.5884424887,0.5884424887,248.045105211,248.045105211,0.09,0.25,0.027,0.125,0.0081,0.0625],[0.0,0.0,0.1,0.3,0,5.8,50,130.91,111.74,50.0,0.3333333333,0.0,0.0797782082,0.0797782082,0.1991596407,0.1991596407,68.339772985,68.339772985,0.09,0.01,0.027,0.001,0.0081,0.0001],[0.0,0.0,0.3,0.3,0,5.8,50,189.4,112.92,50.0,1.0,0.0,0.2303574668,0.2303574668,0.3911068428,0.3911068428,152.2587558511,152.2587558511,0.09,0.09,0.027,0.027,0.0081,0.0081],[0.1,0.3,0.3,0.3,0,5.8,50,172.94,132.79,50.0,1.0,0.0,0.2303574668,0.2303574668,0.3911068428,0.3911068428,152.2587558511,152.2587558511,0.09,0.09,0.027,0.027,0.0081,0.0081],[0.3,0.5,0.1,0.3,0,5.8,50,101.16,135.05,50.0,0.3333333333,0.0,0.0797782082,0.0797782082,0.1991596407,0.1991596407,68.339772985,68.339772985,0.09,0.01,0.027,0.001,0.0081,0.0001],[0.5,0.1,0.5,0.3,0,5.8,50,183.44,157.28,50.0,1.6666666667,0.0,0.4239865122,0.4239865122,0.5884424887,0.5884424887,248.045105211,248.045105211,0.09,0.25,0.027,0.125,0.0081,0.0625],[0.0,0.0,0.1,0.3,1,5.8,50,135.59,134.08,55.8,0.3333333333,0.0,0.0797782082,0.0797782082,0.1991596407,0.1991596407,76.2671866512,76.2671866512,0.09,0.01,0.027,0.001,0.0081,0.0001],[0.0,0.0,0.3,0.3,1,5.8,50,205.88,123.51,55.8,1.0,0.0,0.2303574668,0.2303574668,0.3911068428,0.3911068428,169.9207715298,169.9207715298,0.09,0.09,0.027,0.027,0.0081,0.0081],[0.0,0.0,0.5,0.3,1,5.8,50,244.18,149.67,55.8,1.6666666667,0.0,0.4239865122,0.4239865122,0.5884424887,0.5884424887,276.8183374155,276.8183374155,0.09,0.25,0.027,0.125,0.0081,0.0625],[0.5,0.0,0.4,0.3,1,5.8,50,null,110.7747817,55.8,1.3333333333,0.0,0.3262124499,0.3262124499,0.489504405,0.489504405,223.0333024754,223.0333024754,0.09,0.16,0.027,0.064,0.0081,0.0256],[0.4,0.0,0.0,0.3,1,5.8,50,null,47.95353009,55.8,0.0,0.0,0.1140813854,0.1140813854,0.1140813854,0.1140813854,62.3842648046,62.3842648046,0.09,0.0,0.027,0.0,0.0081,0.0],[0.2,0.2,0.3,0.3,1,5.8,50,null,156.5449477,55.8,1.0,0.0,0.2303574668,0.2303574668,0.3911068428,0.3911068428,169.9207715298,169.9207715298,0.09,0.09,0.027,0.027,0.0081,0.0081],[0.5,0.5,0.2,0.3,1,5.8,50,null,93.49822946,55.8,0.6666666667,0.0,0.1404085557,0.1404085557,0.293793401,0.293793401,118.7194990009,118.7194990009,0.09,0.04,0.027,0.008,0.0081,0.0016],[0.0,0.0,0.3,0.3,2,5.8,50,203.93,146.89,61.6,1.0,0.0,0.2303574668,0.2303574668,0.3911068428,0.3911068428,187.5827872086,187.5827872086,0.09,0.09,0.027,0.027,0.0081,0.0081],[0.0,0.0,0.1,0.3,2,5.8,50,152.23,134.62,61.6,0.3333333333,0.0,0.0797782082,0.0797782082,0.1991596407,0.1991596407,84.1946003175,84.1946003175,0.09,0.01,0.027,0.001,0.0081,0.0001],[0.0,0.0,0.5,0.3,2,5.8,50,334.79,163.96,61.6,1.6666666667,0.0,0.4239865122,0.4239865122,0.5884424887,0.5884424887,305.5915696199,305.5915696199,0.09,0.25,0.027,0.125,0.0081,0.0625],[0.5,0.5,0.2,0.3,2,5.8,50,null,71.91296697,61.6,0.6666666667,0.0,0.1404085557,0.1404085557,